STT,SHS,SBD,Họ và tên,GT,Ngày sinh,NV1,NV2,Tiếng Anh,Toán 1,Ngữ văn,Hóa học,Tin học,Vật lý,Sinh học,Toán 2,Kết luận,SĐT,Trạng thái,Mã định danh
2,2038,1482,Nguyễn Văn 1,Nữ,25/12/2010,Chuyên tin học (thi Toán),Chuyên vật lý,9.75,6,8,,,5.5,,2.5,Chuyên Vật lý,984640899,THAY ĐỔI ĐIỂM SAU PHÚC KHẢO,123456789
19,538,2132,Nguyễn Văn 2,,27/11/2010,Chuyên vật lý,,10,5,8.5,,,6,,,Chuyên Vật lý,984640899,THAY ĐỔI ĐIỂM SAU PHÚC KHẢO,123456789
35,275,692,Nguyễn Văn 3,,27/11/2010,Chuyên vật lý,,9.75,6,7.75,,,5.75,,,Chuyên Vật lý,984640899,THAY ĐỔI ĐIỂM SAU PHÚC KHẢO,123456789
36,355,2192,Nguyễn Văn 4,,26/07/2010,Chuyên vật lý,,9.75,6,7.75,,,6.25,,,Chuyên Vật lý,984640899,THAY ĐỔI ĐIỂM SAU PHÚC KHẢO,123456789
37,467,245,Nguyễn Văn 5,,25/11/2010,Chuyên vật lý,,10,6,7,,,5.5,,,Chuyên Vật lý,984640899,THAY ĐỔI ĐIỂM SAU PHÚC KHẢO,123456789
38,514,590,Nguyễn Văn 6,,27/04/2010,Chuyên vật lý,Chuyên tin học (thi Toán),9.5,7.5,8,,,4.75,,2,Chuyên Vật lý,984640899,THAY ĐỔI ĐIỂM SAU PHÚC KHẢO,123456789
39,738,2679,Nguyễn Văn 7,,13/11/2010,Chuyên vật lý,,9.25,5.5,8.5,,,5.75,,,Chuyên Vật lý,984640899,THAY ĐỔI ĐIỂM SAU PHÚC KHẢO,123456789
40,749,1065,Nguyễn Văn 8,,30/07/2010,Chuyên vật lý,,9.5,6,6.5,,,5.75,,,Chuyên Vật lý,984640899,THAY ĐỔI ĐIỂM SAU PHÚC KHẢO,123456789
41,1366,1433,Nguyễn Văn 9,,26/01/2010,Chuyên vật lý,,10,5.25,8,,,6,,,Chuyên Vật lý,984640899,THAY ĐỔI ĐIỂM SAU PHÚC KHẢO,123456789
42,1787,2558,Nguyễn Văn 10,,23/01/2010,Chuyên vật lý,,7.75,7.5,8.25,,,4.75,,,Chuyên Vật lý,984640899,THAY ĐỔI ĐIỂM SAU PHÚC KHẢO,123456789
43,2063,1283,Nguyễn Văn 11,,24/07/2010,Chuyên vật lý,,8.75,6.5,7.5,,,5.25,,,Chuyên Vật lý,984640899,THAY ĐỔI ĐIỂM SAU PHÚC KHẢO,123456789
44,2160,2203,Nguyễn Văn 12,,24/05/2010,Chuyên vật lý,Chuyên toán học,9.75,4,6.5,,,6.5,,2,Chuyên Vật lý,984640899,THAY ĐỔI ĐIỂM SAU PHÚC KHẢO,123456789
45,2181,1110,Nguyễn Văn 13,,18/10/2010,Chuyên vật lý,,9.75,6,8.25,,,5.5,,,Chuyên Vật lý,984640899,THAY ĐỔI ĐIỂM SAU PHÚC KHẢO,123456789
46,2567,1813,Nguyễn Văn 14,,07/03/2010,Chuyên vật lý,,9.75,6,8.75,,,5.5,,,Chuyên Vật lý,984640899,THAY ĐỔI ĐIỂM SAU PHÚC KHẢO,123456789
47,2791,2065,Nguyễn Văn 15,,11/02/2010,Chuyên vật lý,,8.5,7.5,8.25,,,4.75,,,Chuyên Vật lý,984640899,THAY ĐỔI ĐIỂM SAU PHÚC KHẢO,123456789
48,2796,2320,Nguyễn Văn 16,,21/07/2010,Chuyên vật lý,,10,5,6.25,,,6,,,Chuyên Vật lý,984640899,THAY ĐỔI ĐIỂM SAU PHÚC KHẢO,123456789
49,3500,3,Nguyễn Văn 17,,31/01/2010,Chuyên vật lý,,9.75,6.25,6.5,,,5.5,,,Chuyên Vật lý,984640899,THAY ĐỔI ĐIỂM SAU PHÚC KHẢO,123456789
50,3538,1271,Nguyễn Văn 18,,25/03/2010,Chuyên vật lý,,10,6.5,7.75,,,5.25,,,Chuyên Vật lý,984640899,THAY ĐỔI ĐIỂM SAU PHÚC KHẢO,123456789
15,174,836,Nguyễn Văn 19,Nữ,06/08/2010,Chuyên toán học,,10,6.5,7.5,,,,,6.75,Chuyên Toán học,984640899,THAY ĐỔI ĐIỂM SAU PHÚC KHẢO,123456789
17,306,2727,Nguyễn Văn 20,,10/03/2010,Chuyên toán học,Chuyên hóa học,8,6.5,7.75,0,,,,6.75,Chuyên Toán học,984640899,THAY ĐỔI ĐIỂM SAU PHÚC KHẢO,123456789
18,471,1520,Nguyễn Văn 21,Nữ,13/04/2010,Chuyên toán học,,7.5,7.5,8.25,,,,,6,Chuyên Toán học,984640899,THAY ĐỔI ĐIỂM SAU PHÚC KHẢO,123456789
20,623,1537,Nguyễn Văn 22,,13/10/2010,Chuyên toán học,,9.25,7.5,7,,,,,6,Chuyên Toán học,984640899,THAY ĐỔI ĐIỂM SAU PHÚC KHẢO,123456789
21,724,1286,Nguyễn Văn 23,,21/01/2010,Chuyên toán học,,9.25,6.5,6.75,,,,,6.5,Chuyên Toán học,984640899,THAY ĐỔI ĐIỂM SAU PHÚC KHẢO,123456789
22,920,531,Nguyễn Văn 24,,26/11/2010,Chuyên toán học,,8.25,6,7,,,,,6.75,Chuyên Toán học,984640899,THAY ĐỔI ĐIỂM SAU PHÚC KHẢO,123456789
27,2489,1331,Nguyễn Văn 25,,12/11/2010,Chuyên toán học,,10,8.5,8.75,,,,,6,Chuyên Toán học,984640899,THAY ĐỔI ĐIỂM SAU PHÚC KHẢO,123456789
30,148,2663,Nguyễn Văn 26,,26/04/2010,Chuyên toán học,,9.5,6.5,8,,,,,6.5,Chuyên Toán học,984640899,THAY ĐỔI ĐIỂM SAU PHÚC KHẢO,123456789
183,1089,442,Nguyễn Văn 27,,29/04/2010,Chuyên toán học,Chuyên vật lý,9.75,7.5,8.25,,,0,,9,Chuyên Toán học,984640899,THAY ĐỔI ĐIỂM SAU PHÚC KHẢO,123456789
1,145,1781,Nguyễn Văn 28,,02/01/2010,Chuyên tin học (thi Toán),Chuyên vật lý,10,7.5,7.5,,,5,,8,"Chuyên Tin học (thi Toán), Chuyên Vật lý",984640899,THAY ĐỔI ĐIỂM SAU PHÚC KHẢO,123456789
16,213,1904,Nguyễn Văn 29,,12/11/2010,Chuyên tin học (thi Toán),,9.75,7.5,6.5,,,,,6,Chuyên Tin học (thi Toán),984640899,THAY ĐỔI ĐIỂM SAU PHÚC KHẢO,123456789
23,1315,1817,Nguyễn Văn 30,,20/09/2010,Chuyên tin học (thi Toán),,9.5,6.5,7.25,,,,,6.5,Chuyên Tin học (thi Toán),984640899,THAY ĐỔI ĐIỂM SAU PHÚC KHẢO,123456789
24,1372,197,Nguyễn Văn 31,,19/08/2010,Chuyên tin học (thi Toán),,9.75,5.5,8,,,,,7,Chuyên Tin học (thi Toán),984640899,THAY ĐỔI ĐIỂM SAU PHÚC KHẢO,123456789
25,1507,2551,Nguyễn Văn 32,,02/04/2010,Chuyên tin học (thi Toán),,9,7,8.25,,,,,6.5,Chuyên Tin học (thi Toán),984640899,THAY ĐỔI ĐIỂM SAU PHÚC KHẢO,123456789
26,1646,448,Nguyễn Văn 33,,17/02/2010,Chuyên tin học (thi Toán),,10,6.5,7.75,,,,,6.5,Chuyên Tin học (thi Toán),984640899,THAY ĐỔI ĐIỂM SAU PHÚC KHẢO,123456789
28,3099,432,Nguyễn Văn 34,,07/11/2010,Chuyên tin học (thi Toán),Chuyên vật lý,9.25,7.5,8.75,,,3.25,,6,Chuyên Tin học (thi Toán),984640899,THAY ĐỔI ĐIỂM SAU PHÚC KHẢO,123456789
29,98,1404,Nguyễn Văn 35,,21/11/2010,Chuyên tin học (thi Toán),,9,7.5,7.5,,,,,6,Chuyên Tin học (thi Toán),984640899,THAY ĐỔI ĐIỂM SAU PHÚC KHẢO,123456789
31,973,470,Nguyễn Văn 36,,07/01/2010,Chuyên tin học (thi Toán),,9.25,7,7,,,,,6.5,Chuyên Tin học (thi Toán),984640899,THAY ĐỔI ĐIỂM SAU PHÚC KHẢO,123456789
32,1479,1330,Nguyễn Văn 37,,13/04/2010,Chuyên tin học (thi Toán),,10,7.5,8.75,,,,,6,Chuyên Tin học (thi Toán),984640899,THAY ĐỔI ĐIỂM SAU PHÚC KHẢO,123456789
33,1906,1109,Nguyễn Văn 38,,10/08/2010,Chuyên tin học (thi Toán),,9,7.5,6.5,,,,,6.5,Chuyên Tin học (thi Toán),984640899,THAY ĐỔI ĐIỂM SAU PHÚC KHẢO,123456789
34,3246,738,Nguyễn Văn 39,,10/08/2010,Chuyên tin học (thi Toán),,9,7.5,7.5,,,,,6,Chuyên Tin học (thi Toán),984640899,THAY ĐỔI ĐIỂM SAU PHÚC KHẢO,123456789
8,1144,2092,Nguyễn Văn 40,,03/12/2010,Chuyên sinh học,,8.75,6,4.5,,,,5.5,,Chuyên Sinh học,984640899,THAY ĐỔI ĐIỂM SAU PHÚC KHẢO,123456789
9,1416,753,Nguyễn Văn 41,Nữ,29/10/2010,Chuyên sinh học,,9.75,6,8,,,,5.5,,Chuyên Sinh học,984640899,THAY ĐỔI ĐIỂM SAU PHÚC KHẢO,123456789
10,1718,1473,Nguyễn Văn 42,Nữ,07/01/2010,Chuyên sinh học,,9.25,7.5,8,,,,4.75,,Chuyên Sinh học,984640899,THAY ĐỔI ĐIỂM SAU PHÚC KHẢO,123456789
11,2209,1985,Nguyễn Văn 43,,25/08/2010,Chuyên sinh học,,9.5,6,8.5,,,,5.5,,Chuyên Sinh học,984640899,THAY ĐỔI ĐIỂM SAU PHÚC KHẢO,123456789
12,2450,2429,Nguyễn Văn 44,Nữ,13/10/2010,Chuyên sinh học,,9.5,5,7.5,,,,6,,Chuyên Sinh học,984640899,THAY ĐỔI ĐIỂM SAU PHÚC KHẢO,123456789
13,3331,788,Nguyễn Văn 45,Nữ,13/05/2010,Chuyên sinh học,,10,4,9,,,,6.5,,Chuyên Sinh học,984640899,THAY ĐỔI ĐIỂM SAU PHÚC KHẢO,123456789
14,3401,1839,Nguyễn Văn 46,Nữ,16/12/2010,Chuyên sinh học,,9,5,8.5,,,,6,,Chuyên Sinh học,984640899,THAY ĐỔI ĐIỂM SAU PHÚC KHẢO,123456789
3,197,490,Nguyễn Văn 47,,02/07/2010,Chuyên hóa học,,9,4,8.25,6.5,,,,,Chuyên Hoá học,984640899,THAY ĐỔI ĐIỂM SAU PHÚC KHẢO,123456789
4,1786,215,Nguyễn Văn 48,Nữ,26/07/2010,Chuyên hóa học,Chuyên tin học (thi Toán),8.25,8.5,8,4.25,,,,0,Chuyên Hoá học,984640899,THAY ĐỔI ĐIỂM SAU PHÚC KHẢO,123456789
5,2122,1551,Nguyễn Văn 49,,25/01/2010,Chuyên hóa học,,9.75,6,8.75,5.5,,,,,Chuyên Hoá học,984640899,THAY ĐỔI ĐIỂM SAU PHÚC KHẢO,123456789
6,2198,2662,Nguyễn Văn 50,,14/03/2010,Chuyên hóa học,,10,7,6.5,5.5,,,,,Chuyên Hoá học,984640899,THAY ĐỔI ĐIỂM SAU PHÚC KHẢO,123456789
7,2283,1335,Nguyễn Văn 51,,08/07/2010,Chuyên hóa học,,9.25,6,7.5,5.5,,,,,Chuyên Hoá học,984640899,THAY ĐỔI ĐIỂM SAU PHÚC KHẢO,123456789
53,195,1156,Nguyễn Văn 52,,09/05/2010,Chuyên hóa học,,10,4,8.5,6,,,,,,984640899,THAY ĐỔI ĐIỂM SAU PHÚC KHẢO,123456789
109,3292,1893,Nguyễn Văn 53,Nữ,04/05/2010,Chuyên hóa học,,9.75,3,8,6.25,,,,,,984640899,THAY ĐỔI ĐIỂM SAU PHÚC KHẢO,123456789
178,829,1196,Nguyễn Văn 54,,06/01/2010,Chuyên tin học (thi Toán),,9.25,7,8.5,,,,,6,,984640899,THAY ĐỔI ĐIỂM SAU PHÚC KHẢO,123456789
186,1132,270,Nguyễn Văn 55,,18/07/2010,Chuyên tin học (thi Toán),,8.75,6,5,,,,,4,,984640899,THAY ĐỔI ĐIỂM SAU PHÚC KHẢO,123456789
202,1760,1218,Nguyễn Văn 56,,08/12/2010,Chuyên toán học,,9.75,5,8.5,,,,,4,,984640899,THAY ĐỔI ĐIỂM SAU PHÚC KHẢO,123456789
217,2603,2056,Nguyễn Văn 57,,06/05/2010,Chuyên toán học,,9.5,7,8,,,,,6,,984640899,THAY ĐỔI ĐIỂM SAU PHÚC KHẢO,123456789
229,94,391,Nguyễn Văn 58,Nữ,08/01/2010,Chuyên tin học (thi Toán),,9.75,7.5,8,,,,,5,,984640899,THAY ĐỔI ĐIỂM SAU PHÚC KHẢO,123456789
231,164,1670,Nguyễn Văn 59,,21/09/2010,Chuyên toán học,,9.75,7.5,7.75,,,,,3,,984640899,THAY ĐỔI ĐIỂM SAU PHÚC KHẢO,123456789
234,383,1014,Nguyễn Văn 60,,10/10/2010,Chuyên tin học (thi Toán),,9.25,7.5,7.75,,,,,4.25,,984640899,THAY ĐỔI ĐIỂM SAU PHÚC KHẢO,123456789
253,1165,1130,Nguyễn Văn 61,,04/02/2010,Chuyên tin học (thi Toán),,5.5,6,5.25,,,,,6.5,,984640899,THAY ĐỔI ĐIỂM SAU PHÚC KHẢO,123456789
260,1452,2127,Nguyễn Văn 62,,28/07/2010,Chuyên tin học (thi Toán),,9.75,7.5,8.5,,,,,4,,984640899,THAY ĐỔI ĐIỂM SAU PHÚC KHẢO,123456789
261,1544,735,Nguyễn Văn 63,,27/05/2010,Chuyên tin học (thi Toán),,10,7.5,8,,,,,4.5,,984640899,THAY ĐỔI ĐIỂM SAU PHÚC KHẢO,123456789
267,1850,2413,Nguyễn Văn 64,,14/01/2010,Chuyên tin học (thi Toán),,7.75,6.5,8,,,,,5.5,,984640899,THAY ĐỔI ĐIỂM SAU PHÚC KHẢO,123456789
278,2589,2538,Nguyễn Văn 65,,17/03/2010,Chuyên tin học (thi Toán),,9.5,7.5,7,,,,,4.5,,984640899,THAY ĐỔI ĐIỂM SAU PHÚC KHẢO,123456789
289,3398,237,Nguyễn Văn 66,,18/01/2010,Chuyên toán học,,9.25,7.5,6.25,,,,,5.25,,984640899,THAY ĐỔI ĐIỂM SAU PHÚC KHẢO,123456789
310,1264,1260,Nguyễn Văn 67,,01/02/2010,Chuyên vật lý,,9.75,6,7.75,,,5.25,,,,984640899,THAY ĐỔI ĐIỂM SAU PHÚC KHẢO,123456789
158,17,2094,Nguyễn Văn 68,,14/04/2010,Chuyên toán học,,9.75,7.5,7,,,,,9,Chuyên Toán học,984640899,KHÔNG THAY ĐỔI ĐIỂM SAU PHÚC KHẢO,123456789
93,2260,768,Nguyễn Văn 69,Nữ,07/01/2010,Chuyên hóa học,,9.75,7.5,8.5,5.75,,,,,Chuyên Hoá học,984640899,KHÔNG THAY ĐỔI ĐIỂM SAU PHÚC KHẢO,123456789
51,182,1688,Nguyễn Văn 70,,23/02/2010,Chuyên hóa học,,9.5,7.5,8.5,4.5,,,,,,984640899,KHÔNG THAY ĐỔI ĐIỂM SAU PHÚC KHẢO,123456789
52,185,916,Nguyễn Văn 71,,21/04/2010,Chuyên hóa học,,9.25,6,7.5,4.75,,,,,,984640899,KHÔNG THAY ĐỔI ĐIỂM SAU PHÚC KHẢO,123456789
54,234,2272,Nguyễn Văn 72,,26/05/2010,Chuyên hóa học,,8.75,6.5,4.5,3.25,,,,,,984640899,KHÔNG THAY ĐỔI ĐIỂM SAU PHÚC KHẢO,123456789
55,262,1674,Nguyễn Văn 73,,05/08/2010,Chuyên toán học,Chuyên hóa học,9.75,5.5,7.75,5,,,,5.5,,984640899,KHÔNG THAY ĐỔI ĐIỂM SAU PHÚC KHẢO,123456789
56,314,1562,Nguyễn Văn 74,,17/10/2010,Chuyên hóa học,,10,5.5,7.5,5.25,,,,,,984640899,KHÔNG THAY ĐỔI ĐIỂM SAU PHÚC KHẢO,123456789
57,348,1340,Nguyễn Văn 75,,21/03/2010,Chuyên hóa học,,9.75,7,7.75,3.5,,,,,,984640899,KHÔNG THAY ĐỔI ĐIỂM SAU PHÚC KHẢO,123456789
58,434,757,Nguyễn Văn 76,Nữ,20/11/2010,Chuyên hóa học,,9.75,6.5,6,2.5,,,,,,984640899,KHÔNG THAY ĐỔI ĐIỂM SAU PHÚC KHẢO,123456789
59,440,660,Nguyễn Văn 77,,23/02/2010,Chuyên hóa học,,9.5,4,7.5,5.25,,,,,,984640899,KHÔNG THAY ĐỔI ĐIỂM SAU PHÚC KHẢO,123456789
60,489,858,Nguyễn Văn 78,,12/08/2010,Chuyên hóa học,,9.5,6.5,8.5,4.25,,,,,,984640899,KHÔNG THAY ĐỔI ĐIỂM SAU PHÚC KHẢO,123456789
61,587,949,Nguyễn Văn 79,,02/11/2010,Chuyên hóa học,,9.75,6.5,7.5,5,,,,,,984640899,KHÔNG THAY ĐỔI ĐIỂM SAU PHÚC KHẢO,123456789
62,622,739,Nguyễn Văn 80,Nữ,15/08/2010,Chuyên hóa học,,9.75,6,8,5,,,,,,984640899,KHÔNG THAY ĐỔI ĐIỂM SAU PHÚC KHẢO,123456789
63,692,1612,Nguyễn Văn 81,,02/10/2010,Chuyên hóa học,Chuyên toán học,9.5,6,8.25,5.25,,,,0,,984640899,KHÔNG THAY ĐỔI ĐIỂM SAU PHÚC KHẢO,123456789
64,703,223,Nguyễn Văn 82,,02/01/2010,Chuyên hóa học,,10,6,8.5,5.25,,,,,,984640899,KHÔNG THAY ĐỔI ĐIỂM SAU PHÚC KHẢO,123456789
65,778,346,Nguyễn Văn 83,Nữ,06/02/2010,Chuyên hóa học,,9.75,5,8.25,5.5,,,,,,984640899,KHÔNG THAY ĐỔI ĐIỂM SAU PHÚC KHẢO,123456789
66,834,2152,Nguyễn Văn 84,Nữ,10/10/2010,Chuyên hóa học,,8.75,7.5,8,3,,,,,,984640899,KHÔNG THAY ĐỔI ĐIỂM SAU PHÚC KHẢO,123456789
67,879,385,Nguyễn Văn 85,Nữ,29/05/2010,Chuyên hóa học,,9.5,5,9,5,,,,,,984640899,KHÔNG THAY ĐỔI ĐIỂM SAU PHÚC KHẢO,123456789
68,890,436,Nguyễn Văn 86,,29/05/2010,Chuyên hóa học,,9.75,5,7.75,3.75,,,,,,984640899,KHÔNG THAY ĐỔI ĐIỂM SAU PHÚC KHẢO,123456789
69,939,1775,Nguyễn Văn 87,,17/10/2010,Chuyên hóa học,,9.5,6.5,8.25,4,,,,,,984640899,KHÔNG THAY ĐỔI ĐIỂM SAU PHÚC KHẢO,123456789
70,946,1344,Nguyễn Văn 88,,19/03/2010,Chuyên hóa học,,9.5,3,7.75,4,,,,,,984640899,KHÔNG THAY ĐỔI ĐIỂM SAU PHÚC KHẢO,123456789
71,1046,338,Nguyễn Văn 89,,14/04/2010,Chuyên hóa học,,10,5.5,8,4.75,,,,,,984640899,KHÔNG THAY ĐỔI ĐIỂM SAU PHÚC KHẢO,123456789
72,1083,998,Nguyễn Văn 90,,22/08/2010,Chuyên hóa học,,9.25,6,7.75,5.25,,,,,,984640899,KHÔNG THAY ĐỔI ĐIỂM SAU PHÚC KHẢO,123456789
73,1169,2047,Nguyễn Văn 91,Nữ,17/03/2010,Chuyên hóa học,,9.25,6,8.75,5,,,,,,984640899,KHÔNG THAY ĐỔI ĐIỂM SAU PHÚC KHẢO,123456789
74,1215,1275,Nguyễn Văn 92,,30/05/2010,Chuyên hóa học,,10,6,7.25,5,,,,,,984640899,KHÔNG THAY ĐỔI ĐIỂM SAU PHÚC KHẢO,123456789
75,1343,1240,Nguyễn Văn 93,,04/02/2010,Chuyên hóa học,,10,7.5,7.5,4.5,,,,,,984640899,KHÔNG THAY ĐỔI ĐIỂM SAU PHÚC KHẢO,123456789
76,1358,1996,Nguyễn Văn 94,,07/09/2010,Chuyên hóa học,,10,6.5,7,5,,,,,,984640899,KHÔNG THAY ĐỔI ĐIỂM SAU PHÚC KHẢO,123456789
77,1370,144,Nguyễn Văn 95,Nữ,25/01/2010,Chuyên hóa học,Chuyên tin học (thi Toán),9.25,7.5,7,4,,,,3,,984640899,KHÔNG THAY ĐỔI ĐIỂM SAU PHÚC KHẢO,123456789
78,1457,1504,Nguyễn Văn 96,Nữ,01/04/2010,Chuyên hóa học,,10,6.5,8.5,5,,,,,,984640899,KHÔNG THAY ĐỔI ĐIỂM SAU PHÚC KHẢO,123456789
79,1482,2522,Nguyễn Văn 97,,19/04/2010,Chuyên hóa học,,10,5,7.5,5,,,,,,984640899,KHÔNG THAY ĐỔI ĐIỂM SAU PHÚC KHẢO,123456789
80,1489,2664,Nguyễn Văn 98,,09/10/2010,Chuyên hóa học,,7.25,7,6.75,3.25,,,,,,984640899,KHÔNG THAY ĐỔI ĐIỂM SAU PHÚC KHẢO,123456789
81,1580,2364,Nguyễn Văn 99,,02/05/2010,Chuyên hóa học,,9.75,4.5,8.5,6,,,,,,984640899,KHÔNG THAY ĐỔI ĐIỂM SAU PHÚC KHẢO,123456789
82,1604,190,Nguyễn Văn 100,,06/07/2010,Chuyên hóa học,Chuyên toán học,8.25,4.5,6.5,5.25,,,,0,,984640899,KHÔNG THAY ĐỔI ĐIỂM SAU PHÚC KHẢO,123456789
83,1612,1973,Nguyễn Văn 101,,26/07/2010,Chuyên hóa học,,8.75,6.5,7.5,5,,,,,,984640899,KHÔNG THAY ĐỔI ĐIỂM SAU PHÚC KHẢO,123456789
84,1617,1086,Nguyễn Văn 102,,10/03/2010,Chuyên hóa học,,9.75,4,8,5.5,,,,,,984640899,KHÔNG THAY ĐỔI ĐIỂM SAU PHÚC KHẢO,123456789
85,1622,402,Nguyễn Văn 103,Nữ,02/10/2010,Chuyên hóa học,,9.75,6,8,5.25,,,,,,984640899,KHÔNG THAY ĐỔI ĐIỂM SAU PHÚC KHẢO,123456789
86,1733,2093,Nguyễn Văn 104,,07/12/2010,Chuyên hóa học,,10,4.5,8,3.5,,,,,,984640899,KHÔNG THAY ĐỔI ĐIỂM SAU PHÚC KHẢO,123456789
87,1887,1430,Nguyễn Văn 105,,04/10/2010,Chuyên hóa học,,9.25,3.5,8.75,4,,,,,,984640899,KHÔNG THAY ĐỔI ĐIỂM SAU PHÚC KHẢO,123456789
88,1917,2069,Nguyễn Văn 106,,18/08/2010,Chuyên hóa học,,9.5,6,8.25,4.25,,,,,,984640899,KHÔNG THAY ĐỔI ĐIỂM SAU PHÚC KHẢO,123456789
89,1931,1976,Nguyễn Văn 107,,09/03/2010,Chuyên hóa học,,9,2.5,5.5,5.5,,,,,,984640899,KHÔNG THAY ĐỔI ĐIỂM SAU PHÚC KHẢO,123456789
90,1941,1259,Nguyễn Văn 108,,01/06/2010,Chuyên hóa học,,9,5,6.25,3.75,,,,,,984640899,KHÔNG THAY ĐỔI ĐIỂM SAU PHÚC KHẢO,123456789
91,2112,1926,Nguyễn Văn 109,Nữ,07/07/2010,Chuyên hóa học,,9,6.5,8.5,4.5,,,,,,984640899,KHÔNG THAY ĐỔI ĐIỂM SAU PHÚC KHẢO,123456789
92,2169,2113,Nguyễn Văn 110,,20/06/2010,Chuyên hóa học,,8.5,6.5,8.75,4.75,,,,,,984640899,KHÔNG THAY ĐỔI ĐIỂM SAU PHÚC KHẢO,123456789
94,2464,1672,Nguyễn Văn 111,,17/09/2010,Chuyên hóa học,,9.75,7,8.75,4.5,,,,,,984640899,KHÔNG THAY ĐỔI ĐIỂM SAU PHÚC KHẢO,123456789
95,2471,2001,Nguyễn Văn 112,Nữ,01/12/2010,Chuyên hóa học,,9,3,7.5,3.75,,,,,,984640899,KHÔNG THAY ĐỔI ĐIỂM SAU PHÚC KHẢO,123456789
96,2482,2586,Nguyễn Văn 113,,08/12/2010,Chuyên hóa học,,9.5,6.5,8,4.75,,,,,,984640899,KHÔNG THAY ĐỔI ĐIỂM SAU PHÚC KHẢO,123456789
97,2497,1639,Nguyễn Văn 114,,03/03/2010,Chuyên hóa học,,9.75,3,8.5,4,,,,,,984640899,KHÔNG THAY ĐỔI ĐIỂM SAU PHÚC KHẢO,123456789
98,2531,2066,Nguyễn Văn 115,,11/09/2010,Chuyên hóa học,,9.5,7.5,7,3,,,,,,984640899,KHÔNG THAY ĐỔI ĐIỂM SAU PHÚC KHẢO,123456789
99,2596,1819,Nguyễn Văn 116,Nữ,23/09/2010,Chuyên hóa học,,9.25,4,8,5,,,,,,984640899,KHÔNG THAY ĐỔI ĐIỂM SAU PHÚC KHẢO,123456789
100,2801,1297,Nguyễn Văn 117,,15/05/2010,Chuyên hóa học,,10,5,7.25,5.5,,,,,,984640899,KHÔNG THAY ĐỔI ĐIỂM SAU PHÚC KHẢO,123456789
101,2890,1530,Nguyễn Văn 118,Nữ,20/07/2010,Chuyên hóa học,,10,7,7.5,4.25,,,,,,984640899,KHÔNG THAY ĐỔI ĐIỂM SAU PHÚC KHẢO,123456789
102,3064,301,Nguyễn Văn 119,,28/07/2010,Chuyên hóa học,,9,7.5,8,4.25,,,,,,984640899,KHÔNG THAY ĐỔI ĐIỂM SAU PHÚC KHẢO,123456789
103,3074,2473,Nguyễn Văn 120,Nữ,13/11/2010,Chuyên hóa học,,9.75,5.5,7.75,3.5,,,,,,984640899,KHÔNG THAY ĐỔI ĐIỂM SAU PHÚC KHẢO,123456789
104,3101,1857,Nguyễn Văn 121,,28/09/2010,Chuyên hóa học,,9.5,6,8.5,4.5,,,,,,984640899,KHÔNG THAY ĐỔI ĐIỂM SAU PHÚC KHẢO,123456789
105,3113,969,Nguyễn Văn 122,,19/11/2010,Chuyên hóa học,,10,6,8,4.75,,,,,,984640899,KHÔNG THAY ĐỔI ĐIỂM SAU PHÚC KHẢO,123456789
106,3133,804,Nguyễn Văn 123,,13/04/2010,Chuyên hóa học,Chuyên tin học (thi Toán),8.25,6.25,8.75,4.25,,,,0,,984640899,KHÔNG THAY ĐỔI ĐIỂM SAU PHÚC KHẢO,123456789
107,3256,808,Nguyễn Văn 124,,04/02/2010,Chuyên hóa học,,9.5,6,8.5,4.75,,,,,,984640899,KHÔNG THAY ĐỔI ĐIỂM SAU PHÚC KHẢO,123456789
108,3273,1167,Nguyễn Văn 125,,03/02/2010,Chuyên hóa học,,9,6,8,2.5,,,,,,984640899,KHÔNG THAY ĐỔI ĐIỂM SAU PHÚC KHẢO,123456789
110,3395,2158,Nguyễn Văn 126,Nữ,07/07/2010,Chuyên hóa học,,9.75,6,8.75,5.25,,,,,,984640899,KHÔNG THAY ĐỔI ĐIỂM SAU PHÚC KHẢO,123456789
111,115,723,Nguyễn Văn 127,Nữ,23/05/2010,Chuyên sinh học,,10,5.5,8.5,,,,5.5,,,984640899,KHÔNG THAY ĐỔI ĐIỂM SAU PHÚC KHẢO,123456789
112,170,411,Nguyễn Văn 128,Nữ,22/08/2010,Chuyên sinh học,,10,6,9,,,,5,,,984640899,KHÔNG THAY ĐỔI ĐIỂM SAU PHÚC KHẢO,123456789
113,209,2260,Nguyễn Văn 129,Nữ,03/07/2010,Chuyên sinh học,,9,6,7.5,,,,4.75,,,984640899,KHÔNG THAY ĐỔI ĐIỂM SAU PHÚC KHẢO,123456789
114,215,2077,Nguyễn Văn 130,,24/12/2010,Chuyên sinh học,,8,5,5.25,,,,3.5,,,984640899,KHÔNG THAY ĐỔI ĐIỂM SAU PHÚC KHẢO,123456789
115,323,110,Nguyễn Văn 131,Nữ,29/09/2010,Chuyên sinh học,,8.25,1.5,6,,,,4.25,,,984640899,KHÔNG THAY ĐỔI ĐIỂM SAU PHÚC KHẢO,123456789
116,332,995,Nguyễn Văn 132,,17/03/2010,Chuyên sinh học,,8.5,5,7,,,,4.75,,,984640899,KHÔNG THAY ĐỔI ĐIỂM SAU PHÚC KHẢO,123456789
117,403,2671,Nguyễn Văn 133,,26/09/2010,Chuyên sinh học,,10,5,8,,,,5.25,,,984640899,KHÔNG THAY ĐỔI ĐIỂM SAU PHÚC KHẢO,123456789
118,423,1306,Nguyễn Văn 134,,09/12/2010,Chuyên sinh học,,10,5,7.5,,,,5.25,,,984640899,KHÔNG THAY ĐỔI ĐIỂM SAU PHÚC KHẢO,123456789
119,477,2036,Nguyễn Văn 135,Nữ,07/04/2010,Chuyên sinh học,,10,4,7.5,,,,6,,,984640899,KHÔNG THAY ĐỔI ĐIỂM SAU PHÚC KHẢO,123456789
120,565,219,Nguyễn Văn 136,,06/04/2010,Chuyên sinh học,,9.5,7.25,8,,,,4.25,,,984640899,KHÔNG THAY ĐỔI ĐIỂM SAU PHÚC KHẢO,123456789
121,566,1950,Nguyễn Văn 137,,06/05/2010,Chuyên sinh học,Chuyên vật lý,8.75,7,8.5,,,0,4.25,,,984640899,KHÔNG THAY ĐỔI ĐIỂM SAU PHÚC KHẢO,123456789
122,644,1097,Nguyễn Văn 138,Nữ,18/03/2010,Chuyên sinh học,,8.25,6.5,8.5,,,,4.75,,,984640899,KHÔNG THAY ĐỔI ĐIỂM SAU PHÚC KHẢO,123456789
123,687,1603,Nguyễn Văn 139,,07/01/2010,Chuyên sinh học,,9.5,4,6.75,,,,6,,,984640899,KHÔNG THAY ĐỔI ĐIỂM SAU PHÚC KHẢO,123456789
124,727,1147,Nguyễn Văn 140,,14/01/2010,Chuyên sinh học,,6.5,1.5,7.25,,,,3.5,,,984640899,KHÔNG THAY ĐỔI ĐIỂM SAU PHÚC KHẢO,123456789
125,915,2674,Nguyễn Văn 141,,08/08/2010,Chuyên sinh học,,8.75,6,8.5,,,,4.5,,,984640899,KHÔNG THAY ĐỔI ĐIỂM SAU PHÚC KHẢO,123456789
126,921,529,Nguyễn Văn 142,,23/08/2010,Chuyên sinh học,,9.25,5,6.5,,,,5.5,,,984640899,KHÔNG THAY ĐỔI ĐIỂM SAU PHÚC KHẢO,123456789
127,926,1477,Nguyễn Văn 143,Nữ,08/12/2010,Chuyên sinh học,,9.25,6,8.5,,,,5.25,,,984640899,KHÔNG THAY ĐỔI ĐIỂM SAU PHÚC KHẢO,123456789
128,1035,742,Nguyễn Văn 144,Nữ,13/04/2010,Chuyên sinh học,,8.5,4,8,,,,6.25,,,984640899,KHÔNG THAY ĐỔI ĐIỂM SAU PHÚC KHẢO,123456789
129,1171,2246,Nguyễn Văn 145,Nữ,10/04/2010,Chuyên sinh học,,9.75,4,6.25,,,,6,,,984640899,KHÔNG THAY ĐỔI ĐIỂM SAU PHÚC KHẢO,123456789
130,1214,1500,Nguyễn Văn 146,Nữ,28/02/2010,Chuyên sinh học,,9.75,6,7.5,,,,5.25,,,984640899,KHÔNG THAY ĐỔI ĐIỂM SAU PHÚC KHẢO,123456789
131,1249,2562,Nguyễn Văn 147,,08/01/2010,Chuyên sinh học,,7.25,5,6.5,,,,5,,,984640899,KHÔNG THAY ĐỔI ĐIỂM SAU PHÚC KHẢO,123456789
132,1381,130,Nguyễn Văn 148,Nữ,26/05/2010,Chuyên sinh học,,8.75,4.5,6.75,,,,5.5,,,984640899,KHÔNG THAY ĐỔI ĐIỂM SAU PHÚC KHẢO,123456789
133,1473,1954,Nguyễn Văn 149,,20/01/2010,Chuyên sinh học,,9.25,5.5,8.5,,,,5.5,,,984640899,KHÔNG THAY ĐỔI ĐIỂM SAU PHÚC KHẢO,123456789
134,2524,2511,Nguyễn Văn 150,Nữ,10/03/2010,Chuyên sinh học,,9.25,4.5,8.75,,,,5.25,,,984640899,KHÔNG THAY ĐỔI ĐIỂM SAU PHÚC KHẢO,123456789
135,2580,2564,Nguyễn Văn 151,,04/05/2010,Chuyên sinh học,,9.25,3.5,8,,,,6.5,,,984640899,KHÔNG THAY ĐỔI ĐIỂM SAU PHÚC KHẢO,123456789
136,3071,2245,Nguyễn Văn 152,Nữ,26/11/2010,Chuyên sinh học,,9.25,2.5,8.25,,,,6,,,984640899,KHÔNG THAY ĐỔI ĐIỂM SAU PHÚC KHẢO,123456789
137,3121,662,Nguyễn Văn 153,,27/02/2010,Chuyên sinh học,,9.25,4.5,8,,,,5,,,984640899,KHÔNG THAY ĐỔI ĐIỂM SAU PHÚC KHẢO,123456789
138,3194,2457,Nguyễn Văn 154,Nữ,29/11/2010,Chuyên sinh học,,9.25,5,8.25,,,,4.75,,,984640899,KHÔNG THAY ĐỔI ĐIỂM SAU PHÚC KHẢO,123456789
139,3372,2683,Nguyễn Văn 155,,02/09/2010,Chuyên sinh học,,9.75,6.5,6,,,,4.5,,,984640899,KHÔNG THAY ĐỔI ĐIỂM SAU PHÚC KHẢO,123456789
140,3411,1748,Nguyễn Văn 156,Nữ,15/11/2010,Chuyên sinh học,,8.5,3.5,7,,,,3,,,984640899,KHÔNG THAY ĐỔI ĐIỂM SAU PHÚC KHẢO,123456789
141,3416,310,Nguyễn Văn 157,,26/07/2010,Chuyên sinh học,,9.75,4.5,7.5,,,,5.5,,,984640899,KHÔNG THAY ĐỔI ĐIỂM SAU PHÚC KHẢO,123456789
142,3478,2535,Nguyễn Văn 158,Nữ,05/12/2010,Chuyên sinh học,,8.25,4.5,8,,,,5,,,984640899,KHÔNG THAY ĐỔI ĐIỂM SAU PHÚC KHẢO,123456789
143,3637,1918,Nguyễn Văn 159,Nữ,19/10/2010,Chuyên sinh học,,10,6,7.5,,,,4.25,,,984640899,KHÔNG THAY ĐỔI ĐIỂM SAU PHÚC KHẢO,123456789
144,304,2022,Nguyễn Văn 160,,16/02/2010,Chuyên tin học (thi Tin),,10,5,7.25,,6.75,,,,,984640899,KHÔNG THAY ĐỔI ĐIỂM SAU PHÚC KHẢO,123456789
145,1199,1303,Nguyễn Văn 161,,11/11/2010,Chuyên tin học (thi Tin),,9,5,4.75,,4.5,,,,,984640899,KHÔNG THAY ĐỔI ĐIỂM SAU PHÚC KHẢO,123456789
146,1203,1657,Nguyễn Văn 162,,11/05/2010,Chuyên tin học (thi Tin),,9,6,7.25,,3.75,,,,,984640899,KHÔNG THAY ĐỔI ĐIỂM SAU PHÚC KHẢO,123456789
147,1504,533,Nguyễn Văn 163,,18/10/2010,Chuyên tin học (thi Tin),,9.25,4,7,,3,,,,,984640899,KHÔNG THAY ĐỔI ĐIỂM SAU PHÚC KHẢO,123456789
148,1841,2098,Nguyễn Văn 164,,11/05/2010,Chuyên tin học (thi Tin),,9.5,7,8,,5,,,,,984640899,KHÔNG THAY ĐỔI ĐIỂM SAU PHÚC KHẢO,123456789
149,1926,456,Nguyễn Văn 165,Nữ,14/01/2010,Chuyên tin học (thi Tin),,9.75,6,9,,6.5,,,,,984640899,KHÔNG THAY ĐỔI ĐIỂM SAU PHÚC KHẢO,123456789
150,2113,1203,Nguyễn Văn 166,,30/07/2010,Chuyên tin học (thi Tin),,7.75,5.5,6,,5,,,,,984640899,KHÔNG THAY ĐỔI ĐIỂM SAU PHÚC KHẢO,123456789
151,2150,91,Nguyễn Văn 167,,04/12/2010,Chuyên tin học (thi Tin),,9.25,5,5,,5.75,,,,,984640899,KHÔNG THAY ĐỔI ĐIỂM SAU PHÚC KHẢO,123456789
152,2410,1835,Nguyễn Văn 168,,26/06/2010,Chuyên tin học (thi Tin),,7.5,5.5,7.75,,0,,,,,984640899,KHÔNG THAY ĐỔI ĐIỂM SAU PHÚC KHẢO,123456789
153,2817,2141,Nguyễn Văn 169,,08/08/2010,Chuyên tin học (thi Tin),,10,4.5,6.75,,0,,,,,984640899,KHÔNG THAY ĐỔI ĐIỂM SAU PHÚC KHẢO,123456789
154,2911,864,Nguyễn Văn 170,,06/04/2010,Chuyên tin học (thi Tin),,10,7.5,7.5,,5,,,,,984640899,KHÔNG THAY ĐỔI ĐIỂM SAU PHÚC KHẢO,123456789
155,3066,526,Nguyễn Văn 171,,19/01/2010,Chuyên tin học (thi Tin),,10,4.5,8.5,,7.25,,,,,984640899,KHÔNG THAY ĐỔI ĐIỂM SAU PHÚC KHẢO,123456789
156,3181,1621,Nguyễn Văn 172,,08/01/2010,Chuyên tin học (thi Tin),,9.75,4.5,8,,7,,,,,984640899,KHÔNG THAY ĐỔI ĐIỂM SAU PHÚC KHẢO,123456789
157,4,1578,Nguyễn Văn 173,Nữ,08/05/2010,Chuyên sinh học,,9.75,3,8.75,,,,7.5,,,984640899,KHÔNG THAY ĐỔI ĐIỂM SAU PHÚC KHẢO,123456789
159,80,1443,Nguyễn Văn 174,,16/12/2010,Chuyên vật lý,,9.75,5,8,,,5.75,,,,984640899,KHÔNG THAY ĐỔI ĐIỂM SAU PHÚC KHẢO,123456789
160,246,423,Nguyễn Văn 175,,12/09/2010,Chuyên toán học,,10,4.5,7.5,,,,,4.5,,984640899,KHÔNG THAY ĐỔI ĐIỂM SAU PHÚC KHẢO,123456789
161,288,428,Nguyễn Văn 176,,19/07/2010,Chuyên tin học (thi Toán),,10,6,7.25,,,,,5.5,,984640899,KHÔNG THAY ĐỔI ĐIỂM SAU PHÚC KHẢO,123456789
162,293,2151,Nguyễn Văn 177,Nữ,17/04/2010,Chuyên tin học (thi Toán),,9.75,5,8,,,,,5.5,,984640899,KHÔNG THAY ĐỔI ĐIỂM SAU PHÚC KHẢO,123456789
163,305,1451,Nguyễn Văn 178,,28/05/2010,Chuyên tin học (thi Toán),,9.75,6,8.25,,,,,6,,984640899,KHÔNG THAY ĐỔI ĐIỂM SAU PHÚC KHẢO,123456789
164,361,2555,Nguyễn Văn 179,,17/12/2010,Chuyên toán học,,6.5,4.5,7.75,,,,,3,,984640899,KHÔNG THAY ĐỔI ĐIỂM SAU PHÚC KHẢO,123456789
165,417,1165,Nguyễn Văn 180,,08/10/2010,Chuyên tin học (thi Toán),,9.5,6,7,,,,,3.5,,984640899,KHÔNG THAY ĐỔI ĐIỂM SAU PHÚC KHẢO,123456789
166,418,1906,Nguyễn Văn 181,,23/01/2010,Chuyên toán học,,9.75,4,8,,,,,6,,984640899,KHÔNG THAY ĐỔI ĐIỂM SAU PHÚC KHẢO,123456789
167,447,2102,Nguyễn Văn 182,,07/10/2010,Chuyên toán học,,9.25,4,6.75,,,,,0.5,,984640899,KHÔNG THAY ĐỔI ĐIỂM SAU PHÚC KHẢO,123456789
168,504,1700,Nguyễn Văn 183,,25/02/2010,Chuyên toán học,,9.5,7.5,8,,,,,4.5,,984640899,KHÔNG THAY ĐỔI ĐIỂM SAU PHÚC KHẢO,123456789
169,511,1571,Nguyễn Văn 184,Nữ,27/04/2010,Chuyên tin học (thi Toán),,9.25,7.5,8,,,,,4,,984640899,KHÔNG THAY ĐỔI ĐIỂM SAU PHÚC KHẢO,123456789
170,580,8,Nguyễn Văn 185,,16/02/2010,Chuyên tin học (thi Toán),,9.75,6,6,,,,,5.5,,984640899,KHÔNG THAY ĐỔI ĐIỂM SAU PHÚC KHẢO,123456789
171,627,714,Nguyễn Văn 186,,09/02/2010,Chuyên tin học (thi Toán),Chuyên vật lý,9,6.5,8.25,,,0,,3.5,,984640899,KHÔNG THAY ĐỔI ĐIỂM SAU PHÚC KHẢO,123456789
172,635,439,Nguyễn Văn 187,,24/12/2010,Chuyên tin học (thi Toán),,9.75,6.75,8.75,,,,,6,,984640899,KHÔNG THAY ĐỔI ĐIỂM SAU PHÚC KHẢO,123456789
173,638,123,Nguyễn Văn 188,,07/11/2010,Chuyên tin học (thi Toán),,9.75,6,7.5,,,,,1,,984640899,KHÔNG THAY ĐỔI ĐIỂM SAU PHÚC KHẢO,123456789
174,655,813,Nguyễn Văn 189,,29/04/2010,Chuyên tin học (thi Toán),,9.25,7,9,,,,,5.5,,984640899,KHÔNG THAY ĐỔI ĐIỂM SAU PHÚC KHẢO,123456789
175,662,493,Nguyễn Văn 190,,04/11/2010,Chuyên tin học (thi Toán),,7.75,5,8.5,,,,,6,,984640899,KHÔNG THAY ĐỔI ĐIỂM SAU PHÚC KHẢO,123456789
176,773,80,Nguyễn Văn 191,,16/07/2010,Chuyên tin học (thi Toán),,10,6,7,,,,,6,,984640899,KHÔNG THAY ĐỔI ĐIỂM SAU PHÚC KHẢO,123456789
177,802,247,Nguyễn Văn 192,,29/03/2010,Chuyên tin học (thi Toán),,9.75,4,7.75,,,,,6,,984640899,KHÔNG THAY ĐỔI ĐIỂM SAU PHÚC KHẢO,123456789
179,902,548,Nguyễn Văn 193,,03/01/2010,Chuyên tin học (thi Toán),,9.75,6,8.5,,,,,3.75,,984640899,KHÔNG THAY ĐỔI ĐIỂM SAU PHÚC KHẢO,123456789
180,967,2659,Nguyễn Văn 194,,23/08/2010,Chuyên tin học (thi Toán),,10,6,8.25,,,,,1,,984640899,KHÔNG THAY ĐỔI ĐIỂM SAU PHÚC KHẢO,123456789
181,977,2214,Nguyễn Văn 195,,20/08/2010,Chuyên toán học,,9.25,5,8.25,,,,,6.25,,984640899,KHÔNG THAY ĐỔI ĐIỂM SAU PHÚC KHẢO,123456789
182,1030,1892,Nguyễn Văn 196,Nữ,02/04/2010,Chuyên tin học (thi Toán),,9.25,6,7.5,,,,,3,,984640899,KHÔNG THAY ĐỔI ĐIỂM SAU PHÚC KHẢO,123456789
184,1093,705,Nguyễn Văn 197,,24/01/2010,Chuyên tin học (thi Toán),,9.75,6,6.75,,,,,3.5,,984640899,KHÔNG THAY ĐỔI ĐIỂM SAU PHÚC KHẢO,123456789
185,1105,498,Nguyễn Văn 198,,25/04/2010,Chuyên tin học (thi Toán),,9.75,5,6.75,,,,,7,,984640899,KHÔNG THAY ĐỔI ĐIỂM SAU PHÚC KHẢO,123456789
187,1193,791,Nguyễn Văn 199,Nữ,25/10/2010,Chuyên toán học,,9.5,7,8.5,,,,,6,,984640899,KHÔNG THAY ĐỔI ĐIỂM SAU PHÚC KHẢO,123456789
188,1255,1416,Nguyễn Văn 200,Nữ,18/02/2010,Chuyên hóa học,,10,3,9,7.25,,,,,,984640899,KHÔNG THAY ĐỔI ĐIỂM SAU PHÚC KHẢO,123456789
189,1348,2349,Nguyễn Văn 201,,13/06/2010,Chuyên tin học (thi Toán),Chuyên vật lý,9.75,5.5,7.5,,,0,,2.5,,984640899,KHÔNG THAY ĐỔI ĐIỂM SAU PHÚC KHẢO,123456789
190,1395,809,Nguyễn Văn 202,,21/09/2010,Chuyên tin học (thi Toán),,9.25,5,8.25,,,,,2.25,,984640899,KHÔNG THAY ĐỔI ĐIỂM SAU PHÚC KHẢO,123456789
191,1418,142,Nguyễn Văn 203,,29/11/2010,Chuyên toán học,,8.5,6,7,,,,,6,,984640899,KHÔNG THAY ĐỔI ĐIỂM SAU PHÚC KHẢO,123456789
192,1470,644,Nguyễn Văn 204,,24/11/2010,Chuyên toán học,,8.25,4.5,7,,,,,7.25,,984640899,KHÔNG THAY ĐỔI ĐIỂM SAU PHÚC KHẢO,123456789
193,1478,41,Nguyễn Văn 205,,12/05/2010,Chuyên tin học (thi Toán),,10,6,7.5,,,,,5.5,,984640899,KHÔNG THAY ĐỔI ĐIỂM SAU PHÚC KHẢO,123456789
194,1495,2366,Nguyễn Văn 206,,15/10/2010,Chuyên toán học,,9.25,4,7,,,,,2.5,,984640899,KHÔNG THAY ĐỔI ĐIỂM SAU PHÚC KHẢO,123456789
195,1572,1288,Nguyễn Văn 207,,30/06/2010,Chuyên tin học (thi Toán),,9,7.5,7.25,,,,,3.5,,984640899,KHÔNG THAY ĐỔI ĐIỂM SAU PHÚC KHẢO,123456789
196,1619,2501,Nguyễn Văn 208,,28/02/2010,Chuyên tin học (thi Toán),Chuyên vật lý,9.75,6,8.5,,,1,,3.25,,984640899,KHÔNG THAY ĐỔI ĐIỂM SAU PHÚC KHẢO,123456789
197,1626,2507,Nguyễn Văn 209,,16/05/2010,Chuyên tin học (thi Toán),,10,7,9,,,,,6,,984640899,KHÔNG THAY ĐỔI ĐIỂM SAU PHÚC KHẢO,123456789
198,1641,182,Nguyễn Văn 210,,23/12/2010,Chuyên tin học (thi Toán),,9.25,6,8.75,,,,,5.75,,984640899,KHÔNG THAY ĐỔI ĐIỂM SAU PHÚC KHẢO,123456789
199,1695,556,Nguyễn Văn 211,,05/11/2010,Chuyên tin học (thi Toán),,9.5,6,8.5,,,,,5,,984640899,KHÔNG THAY ĐỔI ĐIỂM SAU PHÚC KHẢO,123456789
200,1705,1371,Nguyễn Văn 212,,10/07/2010,Chuyên toán học,,10,6.5,8,,,,,6,,984640899,KHÔNG THAY ĐỔI ĐIỂM SAU PHÚC KHẢO,123456789
201,1716,1600,Nguyễn Văn 213,,12/07/2010,Chuyên toán học,,9.75,6,8.5,,,,,5.75,,984640899,KHÔNG THAY ĐỔI ĐIỂM SAU PHÚC KHẢO,123456789
203,1807,1134,Nguyễn Văn 214,,21/01/2010,Chuyên tin học (thi Toán),,8,6,7.5,,,,,1.5,,984640899,KHÔNG THAY ĐỔI ĐIỂM SAU PHÚC KHẢO,123456789
204,1916,100,Nguyễn Văn 215,,07/06/2010,Chuyên tin học (thi Toán),,9.75,6,7.75,,,,,6.5,,984640899,KHÔNG THAY ĐỔI ĐIỂM SAU PHÚC KHẢO,123456789
205,2008,773,Nguyễn Văn 216,Nữ,17/10/2010,Chuyên toán học,,6.5,1.5,8.25,,,,,2.5,,984640899,KHÔNG THAY ĐỔI ĐIỂM SAU PHÚC KHẢO,123456789
206,2052,1743,Nguyễn Văn 217,,16/06/2010,Chuyên toán học,Chuyên vật lý,9.25,5,8.75,,,0,,6,,984640899,KHÔNG THAY ĐỔI ĐIỂM SAU PHÚC KHẢO,123456789
207,2061,2274,Nguyễn Văn 218,,29/05/2010,Chuyên toán học,,10,6,7.5,,,,,6,,984640899,KHÔNG THAY ĐỔI ĐIỂM SAU PHÚC KHẢO,123456789
208,2105,2171,Nguyễn Văn 219,,20/04/2010,Chuyên tin học (thi Toán),,8.25,7,8.75,,,,,6,,984640899,KHÔNG THAY ĐỔI ĐIỂM SAU PHÚC KHẢO,123456789
209,2240,350,Nguyễn Văn 220,Nữ,09/11/2010,Chuyên vật lý,,9.25,3,8.25,,,6.5,,,,984640899,KHÔNG THAY ĐỔI ĐIỂM SAU PHÚC KHẢO,123456789
210,2431,49,Nguyễn Văn 221,,21/01/2010,Chuyên toán học,,10,6,6.75,,,,,6.25,,984640899,KHÔNG THAY ĐỔI ĐIỂM SAU PHÚC KHẢO,123456789
211,2437,1308,Nguyễn Văn 222,Nữ,14/03/2010,Chuyên sinh học,,9.75,1.5,7.75,,,,8.5,,,984640899,KHÔNG THAY ĐỔI ĐIỂM SAU PHÚC KHẢO,123456789
212,2441,1855,Nguyễn Văn 223,,20/01/2010,Chuyên tin học (thi Toán),Chuyên vật lý,9.5,6,6.75,,,0,,4,,984640899,KHÔNG THAY ĐỔI ĐIỂM SAU PHÚC KHẢO,123456789
213,2449,1583,Nguyễn Văn 224,,12/09/2010,Chuyên tin học (thi Toán),,10,5,8.5,,,,,6.5,,984640899,KHÔNG THAY ĐỔI ĐIỂM SAU PHÚC KHẢO,123456789
214,2453,1214,Nguyễn Văn 225,Nữ,02/09/2010,Chuyên toán học,,7.25,5.5,8.5,,,,,5.75,,984640899,KHÔNG THAY ĐỔI ĐIỂM SAU PHÚC KHẢO,123456789
215,2472,172,Nguyễn Văn 226,Nữ,15/08/2010,Chuyên sinh học,,9.5,3.5,7.25,,,,7,,,984640899,KHÔNG THAY ĐỔI ĐIỂM SAU PHÚC KHẢO,123456789
216,2500,1792,Nguyễn Văn 227,,10/07/2010,Chuyên tin học (thi Toán),,9.75,6.5,7.25,,,,,4.75,,984640899,KHÔNG THAY ĐỔI ĐIỂM SAU PHÚC KHẢO,123456789
218,2742,2300,Nguyễn Văn 228,,01/06/2010,Chuyên toán học,,10,6.5,8.25,,,,,5.5,,984640899,KHÔNG THAY ĐỔI ĐIỂM SAU PHÚC KHẢO,123456789
219,2752,2358,Nguyễn Văn 229,,23/09/2010,Chuyên toán học,,9.5,5.5,8,,,,,3.5,,984640899,KHÔNG THAY ĐỔI ĐIỂM SAU PHÚC KHẢO,123456789
220,2797,2604,Nguyễn Văn 230,,02/11/2010,Chuyên hóa học,,10,3.5,7,6.5,,,,,,984640899,KHÔNG THAY ĐỔI ĐIỂM SAU PHÚC KHẢO,123456789
221,2892,2539,Nguyễn Văn 231,,17/04/2010,Chuyên toán học,,9.5,6,7.25,,,,,5.5,,984640899,KHÔNG THAY ĐỔI ĐIỂM SAU PHÚC KHẢO,123456789
222,2923,1284,Nguyễn Văn 232,,12/02/2010,Chuyên tin học (thi Toán),,9.75,6,8.25,,,,,5.5,,984640899,KHÔNG THAY ĐỔI ĐIỂM SAU PHÚC KHẢO,123456789
223,3110,1285,Nguyễn Văn 233,,15/08/2010,Chuyên tin học (thi Toán),,9.75,7.25,7,,,,,5.5,,984640899,KHÔNG THAY ĐỔI ĐIỂM SAU PHÚC KHẢO,123456789
224,3336,74,Nguyễn Văn 234,,21/06/2010,Chuyên tin học (thi Toán),,9.75,4.5,7,,,,,5.5,,984640899,KHÔNG THAY ĐỔI ĐIỂM SAU PHÚC KHẢO,123456789
225,3343,1797,Nguyễn Văn 235,,15/11/2010,Chuyên toán học,,9.75,5,7.75,,,,,6.5,,984640899,KHÔNG THAY ĐỔI ĐIỂM SAU PHÚC KHẢO,123456789
226,3388,2421,Nguyễn Văn 236,Nữ,18/02/2010,Chuyên toán học,,9.75,6,9,,,,,3,,984640899,KHÔNG THAY ĐỔI ĐIỂM SAU PHÚC KHẢO,123456789
227,3527,628,Nguyễn Văn 237,,10/02/2010,Chuyên toán học,,10,6,8.5,,,,,5.5,,984640899,KHÔNG THAY ĐỔI ĐIỂM SAU PHÚC KHẢO,123456789
228,3594,335,Nguyễn Văn 238,,14/06/2010,Chuyên sinh học,,9.25,1.5,8.25,,,,7.5,,,984640899,KHÔNG THAY ĐỔI ĐIỂM SAU PHÚC KHẢO,123456789
230,120,562,Nguyễn Văn 239,,27/01/2010,Chuyên tin học (thi Toán),,9,7.5,7.25,,,,,4.5,,984640899,KHÔNG THAY ĐỔI ĐIỂM SAU PHÚC KHẢO,123456789
232,167,1544,Nguyễn Văn 240,,31/08/2010,Chuyên toán học,,9.75,7,7.75,,,,,6,,984640899,KHÔNG THAY ĐỔI ĐIỂM SAU PHÚC KHẢO,123456789
233,237,2103,Nguyễn Văn 241,,14/10/2010,Chuyên tin học (thi Toán),,9,7.5,7.5,,,,,5.5,,984640899,KHÔNG THAY ĐỔI ĐIỂM SAU PHÚC KHẢO,123456789
235,394,2025,Nguyễn Văn 242,,06/10/2010,Chuyên toán học,,10,7.5,8.25,,,,,2,,984640899,KHÔNG THAY ĐỔI ĐIỂM SAU PHÚC KHẢO,123456789
236,454,2088,Nguyễn Văn 243,,09/03/2010,Chuyên toán học,,9.25,8,8.5,,,,,5.5,,984640899,KHÔNG THAY ĐỔI ĐIỂM SAU PHÚC KHẢO,123456789
237,466,1174,Nguyễn Văn 244,,28/07/2010,Chuyên tin học (thi Toán),,8,7,7.25,,,,,5,,984640899,KHÔNG THAY ĐỔI ĐIỂM SAU PHÚC KHẢO,123456789
238,470,209,Nguyễn Văn 245,,08/01/2010,Chuyên tin học (thi Toán),,8.5,7.5,8.75,,,,,5,,984640899,KHÔNG THAY ĐỔI ĐIỂM SAU PHÚC KHẢO,123456789
239,488,417,Nguyễn Văn 246,,17/09/2010,Chuyên tin học (thi Toán),,9.75,7.5,7.75,,,,,4.5,,984640899,KHÔNG THAY ĐỔI ĐIỂM SAU PHÚC KHẢO,123456789
240,550,2458,Nguyễn Văn 247,Nữ,12/05/2010,Chuyên tin học (thi Toán),,9.75,7.5,8.5,,,,,3.5,,984640899,KHÔNG THAY ĐỔI ĐIỂM SAU PHÚC KHẢO,123456789
241,568,636,Nguyễn Văn 248,,15/07/2010,Chuyên toán học,,9.75,7,8.75,,,,,5.25,,984640899,KHÔNG THAY ĐỔI ĐIỂM SAU PHÚC KHẢO,123456789
242,571,2394,Nguyễn Văn 249,Nữ,02/01/2010,Chuyên tin học (thi Toán),,9.5,7.75,9,,,,,4,,984640899,KHÔNG THAY ĐỔI ĐIỂM SAU PHÚC KHẢO,123456789
243,647,1701,Nguyễn Văn 250,,12/07/2010,Chuyên tin học (thi Toán),,9.75,7.5,8.25,,,,,3.5,,984640899,KHÔNG THAY ĐỔI ĐIỂM SAU PHÚC KHẢO,123456789
244,648,443,Nguyễn Văn 251,,21/10/2010,Chuyên tin học (thi Toán),,9.75,7.5,8,,,,,4.5,,984640899,KHÔNG THAY ĐỔI ĐIỂM SAU PHÚC KHẢO,123456789
245,675,1967,Nguyễn Văn 252,,28/05/2010,Chuyên tin học (thi Toán),,9,7.5,8.5,,,,,5,,984640899,KHÔNG THAY ĐỔI ĐIỂM SAU PHÚC KHẢO,123456789
246,693,748,Nguyễn Văn 253,,02/11/2010,Chuyên toán học,,9.75,7.5,7.75,,,,,5,,984640899,KHÔNG THAY ĐỔI ĐIỂM SAU PHÚC KHẢO,123456789
247,776,2449,Nguyễn Văn 254,,20/04/2010,Chuyên toán học,,9.75,7.5,7,,,,,2,,984640899,KHÔNG THAY ĐỔI ĐIỂM SAU PHÚC KHẢO,123456789
248,789,2256,Nguyễn Văn 255,Nữ,24/02/2010,Chuyên toán học,,9,7.25,9.5,,,,,5,,984640899,KHÔNG THAY ĐỔI ĐIỂM SAU PHÚC KHẢO,123456789
249,862,51,Nguyễn Văn 256,,31/07/2010,Chuyên tin học (thi Toán),,9,7.25,8,,,,,4,,984640899,KHÔNG THAY ĐỔI ĐIỂM SAU PHÚC KHẢO,123456789
250,907,914,Nguyễn Văn 257,,24/12/2010,Chuyên tin học (thi Toán),,9.25,7,6.5,,,,,3.5,,984640899,KHÔNG THAY ĐỔI ĐIỂM SAU PHÚC KHẢO,123456789
251,961,868,Nguyễn Văn 258,,16/02/2010,Chuyên toán học,,9.25,7,7.25,,,,,5.25,,984640899,KHÔNG THAY ĐỔI ĐIỂM SAU PHÚC KHẢO,123456789
252,965,2594,Nguyễn Văn 259,,10/09/2010,Chuyên toán học,,9.5,7.5,8.75,,,,,5.5,,984640899,KHÔNG THAY ĐỔI ĐIỂM SAU PHÚC KHẢO,123456789
254,1208,479,Nguyễn Văn 260,,02/02/2010,Chuyên tin học (thi Toán),,8.75,8.5,8.25,,,,,4.5,,984640899,KHÔNG THAY ĐỔI ĐIỂM SAU PHÚC KHẢO,123456789
255,1322,332,Nguyễn Văn 261,,09/02/2010,Chuyên toán học,,9.5,7.5,8.5,,,,,5.5,,984640899,KHÔNG THAY ĐỔI ĐIỂM SAU PHÚC KHẢO,123456789
256,1338,2611,Nguyễn Văn 262,Nữ,26/02/2010,Chuyên tin học (thi Toán),,9.75,7.5,8,,,,,3.5,,984640899,KHÔNG THAY ĐỔI ĐIỂM SAU PHÚC KHẢO,123456789
257,1376,2017,Nguyễn Văn 263,,15/12/2010,Chuyên toán học,,7.75,7,6.75,,,,,4.5,,984640899,KHÔNG THAY ĐỔI ĐIỂM SAU PHÚC KHẢO,123456789
258,1378,1076,Nguyễn Văn 264,,24/04/2010,Chuyên tin học (thi Toán),,10,7.5,6.75,,,,,4.5,,984640899,KHÔNG THAY ĐỔI ĐIỂM SAU PHÚC KHẢO,123456789
259,1444,1757,Nguyễn Văn 265,,17/06/2010,Chuyên toán học,,9.75,7.5,8.75,,,,,5,,984640899,KHÔNG THAY ĐỔI ĐIỂM SAU PHÚC KHẢO,123456789
262,1650,613,Nguyễn Văn 266,,18/06/2010,Chuyên toán học,,9,7.5,8.25,,,,,3.5,,984640899,KHÔNG THAY ĐỔI ĐIỂM SAU PHÚC KHẢO,123456789
263,1653,2621,Nguyễn Văn 267,Nữ,09/10/2010,Chuyên toán học,,9.25,7.5,9.25,,,,,4.75,,984640899,KHÔNG THAY ĐỔI ĐIỂM SAU PHÚC KHẢO,123456789
264,1666,1575,Nguyễn Văn 268,Nữ,22/11/2009,Chuyên tin học (thi Toán),,10,7.5,8,,,,,4.5,,984640899,KHÔNG THAY ĐỔI ĐIỂM SAU PHÚC KHẢO,123456789
265,1682,1334,Nguyễn Văn 269,,10/04/2010,Chuyên toán học,,9,7.5,8.25,,,,,1.5,,984640899,KHÔNG THAY ĐỔI ĐIỂM SAU PHÚC KHẢO,123456789
266,1811,743,Nguyễn Văn 270,Nữ,27/03/2010,Chuyên toán học,,10,7.5,8,,,,,3,,984640899,KHÔNG THAY ĐỔI ĐIỂM SAU PHÚC KHẢO,123456789
268,1859,2707,Nguyễn Văn 271,,19/10/2010,Chuyên toán học,,9.5,7.25,7.5,,,,,5.5,,984640899,KHÔNG THAY ĐỔI ĐIỂM SAU PHÚC KHẢO,123456789
269,1894,2687,Nguyễn Văn 272,,07/01/2010,Chuyên hóa học,Chuyên toán học,9,8.5,8,2.75,,,,5.25,,984640899,KHÔNG THAY ĐỔI ĐIỂM SAU PHÚC KHẢO,123456789
270,1900,607,Nguyễn Văn 273,,07/07/2010,Chuyên toán học,,8.75,6.5,8.5,,,,,4.5,,984640899,KHÔNG THAY ĐỔI ĐIỂM SAU PHÚC KHẢO,123456789
271,2025,2130,Nguyễn Văn 274,,22/11/2010,Chuyên toán học,,9.75,6.5,8.5,,,,,5.75,,984640899,KHÔNG THAY ĐỔI ĐIỂM SAU PHÚC KHẢO,123456789
272,2118,1432,Nguyễn Văn 275,,21/02/2010,Chuyên tin học (thi Toán),,10,7.5,8.25,,,,,5,,984640899,KHÔNG THAY ĐỔI ĐIỂM SAU PHÚC KHẢO,123456789
273,2148,1329,Nguyễn Văn 276,,25/02/2010,Chuyên tin học (thi Toán),,9.5,8,7.5,,,,,5,,984640899,KHÔNG THAY ĐỔI ĐIỂM SAU PHÚC KHẢO,123456789
274,2168,1123,Nguyễn Văn 277,,02/05/2010,Chuyên tin học (thi Toán),,8.25,7.5,9,,,,,2,,984640899,KHÔNG THAY ĐỔI ĐIỂM SAU PHÚC KHẢO,123456789
275,2203,1769,Nguyễn Văn 278,,26/03/2010,Chuyên tin học (thi Toán),,9.5,6.5,8.25,,,,,4.5,,984640899,KHÔNG THAY ĐỔI ĐIỂM SAU PHÚC KHẢO,123456789
276,2298,1642,Nguyễn Văn 279,,10/01/2010,Chuyên tin học (thi Toán),,9.25,7,8.25,,,,,3.5,,984640899,KHÔNG THAY ĐỔI ĐIỂM SAU PHÚC KHẢO,123456789
277,2377,2188,Nguyễn Văn 280,,30/11/2010,Chuyên tin học (thi Toán),,9.75,5,8,,,,,0.5,,984640899,KHÔNG THAY ĐỔI ĐIỂM SAU PHÚC KHẢO,123456789
279,2626,626,Nguyễn Văn 281,,13/09/2010,Chuyên toán học,,9.5,7.5,8.75,,,,,4,,984640899,KHÔNG THAY ĐỔI ĐIỂM SAU PHÚC KHẢO,123456789
280,2638,1737,Nguyễn Văn 282,,13/03/2010,Chuyên tin học (thi Toán),,9.75,7,8.5,,,,,5.25,,984640899,KHÔNG THAY ĐỔI ĐIỂM SAU PHÚC KHẢO,123456789
281,2654,2257,Nguyễn Văn 283,Nữ,22/03/2010,Chuyên toán học,,9,7.5,7.5,,,,,5,,984640899,KHÔNG THAY ĐỔI ĐIỂM SAU PHÚC KHẢO,123456789
282,2748,2325,Nguyễn Văn 284,,02/01/2010,Chuyên toán học,,9,6.5,7.75,,,,,6.25,,984640899,KHÔNG THAY ĐỔI ĐIỂM SAU PHÚC KHẢO,123456789
283,2901,2253,Nguyễn Văn 285,Nữ,16/02/2010,Chuyên toán học,,9.75,7,8,,,,,3,,984640899,KHÔNG THAY ĐỔI ĐIỂM SAU PHÚC KHẢO,123456789
284,2909,977,Nguyễn Văn 286,,04/12/2010,Chuyên toán học,,10,7,8,,,,,5.5,,984640899,KHÔNG THAY ĐỔI ĐIỂM SAU PHÚC KHẢO,123456789
285,2936,266,Nguyễn Văn 287,,03/07/2010,Chuyên toán học,,10,7.5,8.25,,,,,5.5,,984640899,KHÔNG THAY ĐỔI ĐIỂM SAU PHÚC KHẢO,123456789
286,3169,1194,Nguyễn Văn 288,,17/10/2010,Chuyên tin học (thi Toán),,9.75,7.5,7.75,,,,,5,,984640899,KHÔNG THAY ĐỔI ĐIỂM SAU PHÚC KHẢO,123456789
287,3201,884,Nguyễn Văn 289,,02/09/2010,Chuyên tin học (thi Toán),,9,8,9,,,,,4.5,,984640899,KHÔNG THAY ĐỔI ĐIỂM SAU PHÚC KHẢO,123456789
288,3270,454,Nguyễn Văn 290,,12/01/2010,Chuyên tin học (thi Toán),,9.25,7.5,8,,,,,4.5,,984640899,KHÔNG THAY ĐỔI ĐIỂM SAU PHÚC KHẢO,123456789
290,3432,1018,Nguyễn Văn 291,,13/01/2010,Chuyên toán học,,7.25,7.5,6.5,,,,,4.5,,984640899,KHÔNG THAY ĐỔI ĐIỂM SAU PHÚC KHẢO,123456789
291,132,1722,Nguyễn Văn 292,,21/05/2010,Chuyên vật lý,,10,7,8,,,3,,,,984640899,KHÔNG THAY ĐỔI ĐIỂM SAU PHÚC KHẢO,123456789
292,159,1741,Nguyễn Văn 293,,27/04/2010,Chuyên vật lý,,9.75,6,8.25,,,4.75,,,,984640899,KHÔNG THAY ĐỔI ĐIỂM SAU PHÚC KHẢO,123456789
293,184,635,Nguyễn Văn 294,,12/01/2010,Chuyên vật lý,,10,6,8.5,,,4.75,,,,984640899,KHÔNG THAY ĐỔI ĐIỂM SAU PHÚC KHẢO,123456789
294,243,1546,Nguyễn Văn 295,,14/01/2010,Chuyên vật lý,Chuyên tin học (thi Toán),9.25,5,9,,,4,,1.5,,984640899,KHÔNG THAY ĐỔI ĐIỂM SAU PHÚC KHẢO,123456789
295,244,2221,Nguyễn Văn 296,,11/11/2010,Chuyên vật lý,,9.75,6,8.5,,,5,,,,984640899,KHÔNG THAY ĐỔI ĐIỂM SAU PHÚC KHẢO,123456789
296,250,1112,Nguyễn Văn 297,,03/07/2010,Chuyên vật lý,,9.75,5,5.5,,,5.75,,,,984640899,KHÔNG THAY ĐỔI ĐIỂM SAU PHÚC KHẢO,123456789
297,301,1353,Nguyễn Văn 298,,18/01/2010,Chuyên vật lý,,10,5,7.75,,,4,,,,984640899,KHÔNG THAY ĐỔI ĐIỂM SAU PHÚC KHẢO,123456789
298,515,1997,Nguyễn Văn 299,Nữ,10/06/2010,Chuyên vật lý,,9.75,6,8.25,,,4.75,,,,984640899,KHÔNG THAY ĐỔI ĐIỂM SAU PHÚC KHẢO,123456789
299,553,869,Nguyễn Văn 300,,12/04/2010,Chuyên vật lý,,9.75,6,8,,,5.25,,,,984640899,KHÔNG THAY ĐỔI ĐIỂM SAU PHÚC KHẢO,123456789
300,556,569,Nguyễn Văn 301,,27/01/2010,Chuyên vật lý,,9.5,4.5,8.75,,,6,,,,984640899,KHÔNG THAY ĐỔI ĐIỂM SAU PHÚC KHẢO,123456789
301,581,1736,Nguyễn Văn 302,,27/01/2010,Chuyên vật lý,Chuyên tin học (thi Toán),7.25,7.5,8.5,,,4,,4.5,,984640899,KHÔNG THAY ĐỔI ĐIỂM SAU PHÚC KHẢO,123456789
302,654,222,Nguyễn Văn 303,,23/12/2010,Chuyên vật lý,,9.5,6.5,8.25,,,4,,,,984640899,KHÔNG THAY ĐỔI ĐIỂM SAU PHÚC KHẢO,123456789
303,737,1053,Nguyễn Văn 304,,01/10/2010,Chuyên vật lý,,10,5.5,8,,,5.25,,,,984640899,KHÔNG THAY ĐỔI ĐIỂM SAU PHÚC KHẢO,123456789
304,870,230,Nguyễn Văn 305,,15/11/2010,Chuyên vật lý,Chuyên sinh học,10,4,8,,,3.5,0,,,984640899,KHÔNG THAY ĐỔI ĐIỂM SAU PHÚC KHẢO,123456789
305,905,1042,Nguyễn Văn 306,,02/01/2010,Chuyên vật lý,,9.75,5.5,7.25,,,5,,,,984640899,KHÔNG THAY ĐỔI ĐIỂM SAU PHÚC KHẢO,123456789
306,1005,1822,Nguyễn Văn 307,Nữ,13/08/2010,Chuyên vật lý,,9,3.5,7.5,,,4,,,,984640899,KHÔNG THAY ĐỔI ĐIỂM SAU PHÚC KHẢO,123456789
307,1043,1675,Nguyễn Văn 308,,03/06/2010,Chuyên vật lý,Chuyên tin học (thi Toán),10,5,8.25,,,5.25,,0,,984640899,KHÔNG THAY ĐỔI ĐIỂM SAU PHÚC KHẢO,123456789
308,1054,2297,Nguyễn Văn 309,,09/08/2010,Chuyên vật lý,,9.5,6,7.75,,,5.25,,,,984640899,KHÔNG THAY ĐỔI ĐIỂM SAU PHÚC KHẢO,123456789
309,1061,555,Nguyễn Văn 310,,20/03/2010,Chuyên vật lý,Chuyên tin học (thi Toán),9.25,6,8,,,4,,0,,984640899,KHÔNG THAY ĐỔI ĐIỂM SAU PHÚC KHẢO,123456789
311,1439,1827,Nguyễn Văn 311,,26/08/2010,Chuyên vật lý,Chuyên tin học (thi Toán),9.75,7,7.5,,,4.5,,1.5,,984640899,KHÔNG THAY ĐỔI ĐIỂM SAU PHÚC KHẢO,123456789
312,1456,589,Nguyễn Văn 312,,15/06/2010,Chuyên vật lý,,9,3,6.5,,,6.25,,,,984640899,KHÔNG THAY ĐỔI ĐIỂM SAU PHÚC KHẢO,123456789
313,1469,1901,Nguyễn Văn 313,Nữ,10/06/2010,Chuyên vật lý,,9.75,7,8.5,,,3.5,,,,984640899,KHÔNG THAY ĐỔI ĐIỂM SAU PHÚC KHẢO,123456789
314,1487,258,Nguyễn Văn 314,,16/01/2010,Chuyên vật lý,,9.75,6,6,,,5.25,,,,984640899,KHÔNG THAY ĐỔI ĐIỂM SAU PHÚC KHẢO,123456789
315,1554,305,Nguyễn Văn 315,,28/01/2010,Chuyên vật lý,,9,4.5,8.5,,,6,,,,984640899,KHÔNG THAY ĐỔI ĐIỂM SAU PHÚC KHẢO,123456789
316,1568,835,Nguyễn Văn 316,Nữ,15/10/2010,Chuyên vật lý,,8.75,5,8,,,2,,,,984640899,KHÔNG THAY ĐỔI ĐIỂM SAU PHÚC KHẢO,123456789
317,1665,720,Nguyễn Văn 317,,06/04/2010,Chuyên vật lý,,9.75,4.5,6.75,,,5.5,,,,984640899,KHÔNG THAY ĐỔI ĐIỂM SAU PHÚC KHẢO,123456789
318,1670,77,Nguyễn Văn 318,,07/02/2010,Chuyên vật lý,,10,7.5,7.75,,,4,,,,984640899,KHÔNG THAY ĐỔI ĐIỂM SAU PHÚC KHẢO,123456789
319,1772,2480,Nguyễn Văn 319,,12/10/2010,Chuyên vật lý,,9.5,5,7,,,3.5,,,,984640899,KHÔNG THAY ĐỔI ĐIỂM SAU PHÚC KHẢO,123456789
320,1847,1810,Nguyễn Văn 320,,07/08/2010,Chuyên vật lý,Chuyên tin học (thi Toán),10,6,8.5,,,4.75,,3,,984640899,KHÔNG THAY ĐỔI ĐIỂM SAU PHÚC KHẢO,123456789
321,2079,1389,Nguyễn Văn 321,,06/10/2010,Chuyên vật lý,,9.75,6,8.5,,,3.5,,,,984640899,KHÔNG THAY ĐỔI ĐIỂM SAU PHÚC KHẢO,123456789
322,2089,327,Nguyễn Văn 322,,02/01/2010,Chuyên vật lý,,9,4.5,7.5,,,4.25,,,,984640899,KHÔNG THAY ĐỔI ĐIỂM SAU PHÚC KHẢO,123456789
323,2094,523,Nguyễn Văn 323,,07/06/2010,Chuyên vật lý,,9.25,6.5,8.5,,,4.5,,,,984640899,KHÔNG THAY ĐỔI ĐIỂM SAU PHÚC KHẢO,123456789
324,2172,547,Nguyễn Văn 324,,08/10/2010,Chuyên vật lý,,8,6.5,7.75,,,5,,,,984640899,KHÔNG THAY ĐỔI ĐIỂM SAU PHÚC KHẢO,123456789
325,2174,29,Nguyễn Văn 325,Nữ,23/08/2010,Chuyên vật lý,,9.25,4.5,8.25,,,5.5,,,,984640899,KHÔNG THAY ĐỔI ĐIỂM SAU PHÚC KHẢO,123456789
326,2233,1164,Nguyễn Văn 326,,27/08/2010,Chuyên vật lý,Chuyên tin học (thi Toán),9.5,7.5,6.5,,,4,,2.5,,984640899,KHÔNG THAY ĐỔI ĐIỂM SAU PHÚC KHẢO,123456789
327,2266,1252,Nguyễn Văn 327,,19/07/2010,Chuyên vật lý,,9.75,6.5,8,,,4.75,,,,984640899,KHÔNG THAY ĐỔI ĐIỂM SAU PHÚC KHẢO,123456789
328,2313,127,Nguyễn Văn 328,Nữ,21/03/2010,Chuyên vật lý,,10,5.5,6.75,,,3.5,,,,984640899,KHÔNG THAY ĐỔI ĐIỂM SAU PHÚC KHẢO,123456789
329,2434,2500,Nguyễn Văn 329,,26/07/2010,Chuyên tin học (thi Toán),Chuyên vật lý,9,6,8.25,,,2.25,,2.5,,984640899,KHÔNG THAY ĐỔI ĐIỂM SAU PHÚC KHẢO,123456789
330,2452,2064,Nguyễn Văn 330,,12/09/2010,Chuyên vật lý,,10,6.5,8.25,,,5,,,,984640899,KHÔNG THAY ĐỔI ĐIỂM SAU PHÚC KHẢO,123456789
331,2615,501,Nguyễn Văn 331,,02/02/2010,Chuyên vật lý,,9.5,7.5,8,,,4.25,,,,984640899,KHÔNG THAY ĐỔI ĐIỂM SAU PHÚC KHẢO,123456789
332,2721,2347,Nguyễn Văn 332,,18/01/2010,Chuyên vật lý,,9.25,4.5,8.25,,,5.5,,,,984640899,KHÔNG THAY ĐỔI ĐIỂM SAU PHÚC KHẢO,123456789
333,2915,741,Nguyễn Văn 333,Nữ,29/06/2010,Chuyên vật lý,,10,6,8,,,5.25,,,,984640899,KHÔNG THAY ĐỔI ĐIỂM SAU PHÚC KHẢO,123456789
334,2956,1764,Nguyễn Văn 334,,30/09/2010,Chuyên vật lý,,10,6.5,7.5,,,4.25,,,,984640899,KHÔNG THAY ĐỔI ĐIỂM SAU PHÚC KHẢO,123456789
335,3183,2322,Nguyễn Văn 335,Nữ,25/06/2010,Chuyên vật lý,,9.25,6,8,,,4.25,,,,984640899,KHÔNG THAY ĐỔI ĐIỂM SAU PHÚC KHẢO,123456789
336,3592,124,Nguyễn Văn 336,,30/05/2010,Chuyên vật lý,,9,6.5,8.25,,,4.75,,,,984640899,KHÔNG THAY ĐỔI ĐIỂM SAU PHÚC KHẢO,123456789
